Handle,Title,Body (HTML),Vendor,Standard Product Type,Custom Product Type,Tags,Published,Option1 Name,Option1 Value,Option2 Name,Option2 Value,Option3 Name,Option3 Value,Variant SKU,Variant Grams,Variant Inventory Tracker,Variant Inventory Qty,Variant Inventory Policy,Variant Fulfillment Service,Variant Price,Variant Compare At Price,Variant Requires Shipping,Variant Taxable,Variant Barcode,Image Src,Image Position,Image Alt Text,Gift Card,SEO Title,SEO Description,Google Shopping / Google Product Category,Google Shopping / Gender,Google Shopping / Age Group,Google Shopping / MPN,Google Shopping / AdWords Grouping,Google Shopping / AdWords Labels,Google Shopping / Condition,Google Shopping / Custom Product,Google Shopping / Custom Label 0,Google Shopping / Custom Label 1,Google Shopping / Custom Label 2,Google Shopping / Custom Label 3,Google Shopping / Custom Label 4,Variant Image,Variant Weight Unit,Variant Tax Code,Cost per item,Status
a-c-accumulator-accumulator-414c12de73d64767b08f3221afd2c08f,A/C Accumulator -- Accumulator,A/C Accumulator -- Accumulator<br>,UAC,,A/C Accumulator,"",true,Title,Default Title,,,,,CNTM_RD 9907C,549.980748625,shopify,5,deny,manual,19.97,21.97,true,true,'00711307210817,https://cdn.shopify.com/s/files/1/0532/6667/7928/products/00000000-0000-0000-0000-000000006440_414c12de-73d6-4767-b08f-3221afd2c08f_1_60752d1eb6a64.jpg?v=1618344175,1,,false,,,,,,,,,,,,,,,,,lb,,13.85,active
a-c-accumulator-accumulator-414c12de73d64767b08f3221afd2c08f,,,,,,,,,,,,,,,,,,,,,,,,,https://cdn.shopify.com/s/files/1/0532/6667/7928/products/00000000-0000-0000-0000-000000006440_1_60752d1eb6a64_f1f62e9d-2d3b-40d7-a041-4eaa5de06b4e.jpg?v=1618344175,2,,,,,,,,,,,,,,,,,,,,,,
a-c-accumulator-accumulator-1b09d8d459bc4109a1a6219c1a7a8bac,A/C Accumulator -- Accumulator,A/C Accumulator -- Accumulator<br>,UAC,,A/C Accumulator,"",false,Title,Default Title,,,,,CNTM_RD 6067C,549.980748625,shopify,12,deny,manual,19.12,21.03,true,false,'00711307205714,,,,false,,,,,,,,,,,,,,,,,lb,,,active
2-cabin-air-elements-0c963089e7d2603ba3e20a9159266089,2 Cabin Air Elements,"2014-15 BMW X3, 2015 X4<br>Cabin Air Filter<br>Cabin Air Filter<br>2 Cabin Air Elements<br>2 Cabin Air Elements",Baldwin,,Cabin Air Filter,partspal,true,Title,Default Title,,,,,BFDG_PA10370KIT,275.013053931,shopify,8,deny,manual,55.71,61.29,true,false,'00791440114463,https://cdn.shopify.com/s/files/1/0532/6667/7928/products/00000000-0000-0000-0000-000000006440_0c963089-e7d2-603b-a3e2-0a9159266089_0_0c96934f-2f93-6002-993e-26b6e83bde06_0a2ac4d0-cdc8-4b15-81ef-26df843ffe8a.jpg?v=1624313261,1,,false,,,,,,,,,,,,,,,,,lb,,,active
2-sec-f-f-b-p-lube-ele-w-handle-0c963089e7c6602ea3e20a9159266089,2-Sec. F-F/B-P Lube Ele. w/Handle,"Mercedes-Benz Buses, Trucks<br>Engine Oil Filter<br>Engine Oil Filter<br>2-Sec. F-F/B-P Lube Ele. w/Handle<br>Lube Element",Baldwin,,Engine Oil Filter,partspal,true,Title,Default Title,,,,,BFDG_P102,800.000862969,shopify,20,deny,manual,21.35,23.48,true,false,'00791440001381,https://cdn.shopify.com/s/files/1/0532/6667/7928/products/00000000-0000-0000-0000-000000006440_0c963089-e7c6-602e-a3e2-0a9159266089_0_0c96934f-8382-6002-8f54-7e7a47a1ffba_a9211d2a-3470-43a0-a8f4-56f6b73d931c.jpg?v=1624315618,1,,false,,,,,,,,,,,,,,,,,lb,,,active
48-state-semi-direct-fit-converter-assembly-0c964b452f2760328ab016c08edbdb02,48-State Semi-Direct Fit Converter Assembly,"Eastern Catalytic<br>Eastern Federal Converters<br>ECO II Catalyst<br>48-State Semi-Direct Fit Converter Assembly<br>Latest advanced-manufacturing technology, including automated workstations, spinner welding equipment, and high-speed production lines ensures that all converters are built to exact OE dimensions and fitment.  This technology also helps to maintain industry-leading efficiency, productivity, and competitive prices.  The proprietary NANO substrate chemistry yields highly efficient loadings for lower cost and better converter efficiency.",Eastern Catalytic,,Catalytic Converter,partspal,true,Title,Default Title,,,,,BBPJ_50341,1999.979477804,shopify,1,deny,manual,200.83,220.91,true,false,'00606729503411,https://cdn.shopify.com/s/files/1/0532/6667/7928/products/00000000-0000-0000-0000-000000006440_0c964b45-2f27-6032-8ab0-16c08edbdb02_0_0c9659c1-b74e-6002-8508-a65e1d6bd538_43ce17df-beff-4b33-8c22-6800fd79bd5a.jpg?v=1623702150,1,,false,,,,,,,,,,,,,,,,,lb,,,active
48-state-semi-direct-fit-converter-assembly-0c964b452f28600c8ab016c08edbdb02,48-State Semi-Direct Fit Converter Assembly,"Eastern Catalytic<br>Eastern Federal Converters<br>ECO GM Catalyst<br>48-State Semi-Direct Fit Converter Assembly<br>Latest advanced-manufacturing technology, including automated workstations, spinner welding equipment, and high-speed production lines ensures that all converters are built to exact OE dimensions and fitment.  This technology also helps to maintain industry-leading efficiency, productivity, and competitive prices.  The proprietary NANO substrate chemistry yields highly efficient loadings for lower cost and better converter efficiency.",Eastern Catalytic,,Catalytic Converter,partspal,true,Title,Default Title,,,,,BBPJ_50391,1999.979477804,shopify,7,deny,manual,240.38,264.42,true,false,'00606729503916,https://cdn.shopify.com/s/files/1/0532/6667/7928/products/00000000-0000-0000-0000-000000006440_0c964b45-2f28-600c-8ab0-16c08edbdb02_0_0c9659d0-55ea-6002-8508-a65e1d6bd538_958396b3-cc37-49b4-a32e-561d6f7d5388.jpg?v=1623702153,1,,false,,,,,,,,,,,,,,,,,lb,,,active
3-4-radiator-flush-tee-with-cap-0c966915912e6017921726e59ee83fba,3/4 Radiator Flush Tee With Cap,"3/4 Radiator Flush Tee With Cap<br>RADIATOR FLUSH TEE<br>Radiator, Flush, Tee, Antifreeze, Coolant<br>Coolant Flush",Dorman - HELP,,Engine Coolant Flush,partspal,true,Title,Default Title,,,,,BCZF_47120,0.0,shopify,3,deny,manual,2.14,2.36,true,false,'00037495471206,https://cdn.shopify.com/s/files/1/0532/6667/7928/products/00000000-0000-0000-0000-000000006440_0c966915-912e-6017-9217-26e59ee83fba_0_0c968cec-e69c-6002-b41e-4ac87002bb79_92e8a860-ccc5-4f16-8057-284002ef26ff.jpg?v=1624318776,1,,false,,,,,,,,,,,,,,,,,lb,,,active
92-97-volkswagen-golf-gl-suspension-control-arm-and-ball-joint-assembly-0c9688bd7b7c601995746e2bc7645110,92-97 Volkswagen Golf GL Suspension Control Arm and Ball Joint Assembly,"Link<br>92-97 Volkswagen Golf GL Suspension Control Arm and Ball Joint Assembly<br>1992-1997 Volkswagen Golf GL (Front Lower) (Engine Designation: ABA &amp; Body: Hatchback &amp; Liter: 1.8, 2.0, 1.9 &amp; Engine(cc): 1788, 1781, 1984, 1896 &amp; Cylinder: 4 &amp; Block: L &amp; Fuel: GAS, DIESEL &amp; Drive: FWD | Qualifier: without GTI, From 8/1995, From 7/1995, From 4/1996, To 8/1997)<br>Link, MEYLE-ORIGINAL: True to OE.",MEYLE,,Suspension Control Arm and Ball Joint Assembly,partspal,true,Title,Default Title,,,,,CNHL_1160508254,0.0,shopify,4,deny,manual,25.98,28.57,true,false,'04040074147078,https://cdn.shopify.com/s/files/1/0532/6667/7928/products/00000000-0000-0000-0000-000000006440_0c9688bd-7b7c-6019-9574-6e2bc7645110_0_0c968cf9-bb67-6001-99e8-aecac1d3fad7.jpg?v=1624492589,1,,false,,,,,,,,,,,,,,,,,lb,,,active
90-93-volvo-240-sedan-wagon-rwd-suspension-control-arm-bushing-rear-lower-0c9688bd7b74603095746e2bc7645110,90-93 Volvo 240 (Sedan/Wagon - RWD) Suspension Control Arm Bushing  - Rear Lower,"Bush<br>90-93 Volvo 240 (Sedan/Wagon - RWD) Suspension Control Arm Bushing  - Rear Lower<br>1990-1993 Volvo 240  (Rear Lower) (Engine Designation: B230F &amp; Body: Sedan, Wagon &amp; Liter: 2.3 &amp; Engine(cc): 2316 &amp; Cylinder: 4 &amp; Block: L &amp; Fuel: GAS &amp; Drive: RWD | Qualifier: From 8/1991)<br>Bush, MEYLE-ORIGINAL: True to OE.",MEYLE,,Suspension Control Arm Bushing,partspal,true,Title,Default Title,,,,,CNHL_5141229714,0.0,shopify,3,deny,manual,4.05,4.45,true,false,'04040074043547,https://cdn.shopify.com/s/files/1/0532/6667/7928/products/00000000-0000-0000-0000-000000006440_0c9688bd-7b74-6030-9574-6e2bc7645110_0_0c968d02-7cbd-6002-99e8-aecac1d3fad7.jpg?v=1624492397,1,,false,,,,,,,,,,,,,,,,,lb,,,active
03-12-land-rover-range-rover-steering-tie-rod-front-inner-0c9688bd7c08605095746e2bc7645110,03-12 Land Rover Range Rover Steering Tie Rod  - Front Inner,"Joint<br>03-12 Land Rover Range Rover Steering Tie Rod  - Front Inner<br>2003-2012 Land Rover Range Rover  (Front Inner) (Body: Sport Utility &amp; Liter: 4.4, 4.2, 5.0 &amp; Engine(cc): 4394, 4398, 4196, 5000 &amp; Cylinder: 8 &amp; Block: V &amp; Fuel: GAS &amp; Drive: AWD)<br>Joint, MEYLE-ORIGINAL: True to OE.",MEYLE,,Steering Tie Rod,partspal,true,Title,Default Title,,,,,CNHL_53160310002,4744.984423333,shopify,15,deny,manual,19.82,21.79,true,false,'04040074103609,https://cdn.shopify.com/s/files/1/0532/6667/7928/products/00000000-0000-0000-0000-000000006440_0c9688bd-7c08-6050-9574-6e2bc7645110_0_0c968cfc-e903-6002-99e8-aecac1d3fad7_c512bb69-bb4f-4978-a30e-fa344ef0abbb.jpg?v=1624586592,1,,false,,,,,,,,,,,,,,,,,lb,,,active
02-03-mini-cooper-hatchback-1-6-fwd-steering-tie-rod-end-front-right-0c9688bd7c06601d95746e2bc7645110,02-03 Mini Cooper (Hatchback - 1.6 - FWD) Steering Tie Rod End  - Front Right,"Joint<br>02-03 Mini Cooper (Hatchback - 1.6 - FWD) Steering Tie Rod End  - Front Right<br>2002-2003 Mini Cooper  (Front Right) (Engine Designation: W10B16A, W11B16A &amp; Body: Hatchback &amp; Liter: 1.6 &amp; Engine(cc): 1600 &amp; Cylinder: 4 &amp; Block: L &amp; Fuel: GAS &amp; Transmission Base Gear: 6 &amp; Transmission Control Type: Manual &amp; Mfr Body Code: R50, R53 &amp; Drive: FWD | Qualifier: To 4/2003, From 3/2002)<br>Joint, MEYLE-ORIGINAL: True to OE.",MEYLE,,Steering Tie Rod End,partspal,true,Title,Default Title,,,,,CNHL_3160200000,794.013443685,shopify,4,deny,manual,15.13,16.64,true,false,'04040074333341,https://cdn.shopify.com/s/files/1/0532/6667/7928/products/00000000-0000-0000-0000-000000006440_0c9688bd-7c06-601d-9574-6e2bc7645110_0_0c968d05-5cbe-6002-99e8-aecac1d3fad7.jpg?v=1624585838,1,,false,,,,,,,,,,,,,,,,,lb,,,active
00-06-bmw-x5-suspension-ball-joint-front-0c9688bd7c06600995746e2bc7645110,00-06 BMW X5 Suspension Ball Joint  - Front,"Joint<br>With mounting materials, to fit most models. Please check fit accuracy before installation.<br>00-06 BMW X5 Suspension Ball Joint  - Front<br>2000-2006 BMW X5  (Front) (Engine Designation: M62, M54, N62B48, N62 &amp; Body: Sport Utility &amp; Liter: 4.4, 3.0, 4.6, 4.8 &amp; Engine(cc): 4398, 2979, 4598, 4837 &amp; Cylinder: 8, 6 &amp; Block: V, L &amp; Fuel: GAS &amp; Transmission Base Gear: 5 &amp; Transmission Control Type: Automatic &amp; Mfr Body Code: E53 &amp; Drive: AWD | Qualifier: From 1/2000, From 4/2004)<br>Joint, MEYLE-ORIGINAL: True to OE.",MEYLE,,Suspension Ball Joint,partspal,true,Title,Default Title,,,,,CNHL_3160100002,578.602427172,shopify,7,deny,manual,16.52,18.17,true,false,'04040074231401,https://cdn.shopify.com/s/files/1/0532/6667/7928/products/00000000-0000-0000-0000-000000006440_0c9688bd-7c06-6009-9574-6e2bc7645110_0_0c968cf8-b988-6000-99e8-aecac1d3fad7.jpg?v=1624310745,1,,false,,,,,,,,,,,,,,,,,lb,,,active
11-16-land-rover-lr4-suspension-control-arm-and-ball-joint-assembly-0c9688bd7b81602995746e2bc7645110,11-16 Land Rover LR4 Suspension Control Arm and Ball Joint Assembly,"Link<br>11-16 Land Rover LR4 Suspension Control Arm and Ball Joint Assembly<br>2011-2016 Land Rover LR4  (Front Left Upper) (Body: Sport Utility &amp; Liter: 5.0, 3.0 &amp; Engine(cc): 4999, 2995 &amp; Cylinder: 8, 6 &amp; Block: V &amp; Fuel: GAS &amp; Drive: AWD)<br>Link, MEYLE-ORIGINAL: True to OE.",MEYLE,,Suspension Control Arm and Ball Joint Assembly,partspal,true,Title,Default Title,,,,,CNHL_53160500017,0.0,shopify,5,deny,manual,87.74,96.51,true,false,'04040074179949,https://cdn.shopify.com/s/files/1/0532/6667/7928/products/00000000-0000-0000-0000-000000006440_0c9688bd-7b81-6029-9574-6e2bc7645110_0_0c968cff-0606-6002-99e8-aecac1d3fad7.jpg?v=1624492322,1,,false,,,,,,,,,,,,,,,,,lb,,,active
04-10-bmw-x3-2-5si-steering-tie-rod-end-front-0c9688bd7c06602295746e2bc7645110,04-10 BMW X3 2.5si Steering Tie Rod End  - Front,"Joint<br>04-10 BMW X3 2.5si Steering Tie Rod End  - Front<br>2004-2010 BMW X3 2.5si (Front) (Engine Designation: M54, N52, N52B30A &amp; Body: Sport Utility &amp; Liter: 2.5, 3.0 &amp; Engine(cc): 2494, 2979, 2996 &amp; Cylinder: 6 &amp; Block: L &amp; Fuel: GAS &amp; Mfr Body Code: E83 &amp; Drive: AWD | Qualifier: From 3/2004, From 1/2004, To 8/2008)<br>Joint, MEYLE-ORIGINAL: True to OE.",MEYLE,,Steering Tie Rod End,partspal,true,Title,Default Title,,,,,CNHL_3160200006,793.7866475,shopify,5,deny,manual,18.84,20.72,true,false,'04040074359686,https://cdn.shopify.com/s/files/1/0532/6667/7928/products/00000000-0000-0000-0000-000000006440_0c9688bd-7c06-6022-9574-6e2bc7645110_0_0c968cf8-b988-6002-99e8-aecac1d3fad7.jpg?v=1624589565,1,,false,,,,,,,,,,,,,,,,,lb,,,active
90-97-volkswagen-passat-steering-tie-rod-assembly-front-right-0c9688bd7b89602995746e2bc7645110,90-97 Volkswagen Passat Steering Tie Rod Assembly  - Front Right,"Rod<br>90-97 Volkswagen Passat Steering Tie Rod Assembly  - Front Right<br>1990-1997 Volkswagen Passat  (Front Right) (Engine Designation: PG, AAZ, 1Z &amp; Body: Wagon, Sedan &amp; Liter: 2.0, 1.8, 1.9 &amp; Engine(cc): 1984, 1781, 1896 &amp; Cylinder: 4 &amp; Block: L &amp; Fuel: GAS, DIESEL &amp; Drive: FWD, AWD | Qualifier: From 2/1990, To Chassis # 3A-R-099 264, From 3/1995, To 8/1996)<br>Rod, MEYLE-ORIGINAL: True to OE.",MEYLE,,Steering Tie Rod Assembly,partspal,true,Title,Default Title,,,,,CNHL_1160308265,0.0,shopify,6,deny,manual,19.03,20.94,true,false,'04040074062197,https://cdn.shopify.com/s/files/1/0532/6667/7928/products/00000000-0000-0000-0000-000000006440_0c9688bd-7b89-6029-9574-6e2bc7645110_0_0c968cfb-4e7a-6002-99e8-aecac1d3fad7_bface88c-4212-4aa6-87e4-72219912d904.jpg?v=1624585832,1,,false,,,,,,,,,,,,,,,,,lb,,,active
04-10-audi-a8-quattro-suspension-stabilizer-bar-link-rear-left-0c9688bd7b6e603795746e2bc7645110,04-10 Audi A8 Quattro Suspension Stabilizer Bar Link  - Rear Left,"Rod/Strut<br>04-10 Audi A8 Quattro Suspension Stabilizer Bar Link  - Rear Left<br>2004-2010 Audi A8 Quattro  (Rear Left) (Engine Designation: BVJ &amp; Body: Sedan &amp; Liter: 4.2, 6.0 &amp; Engine(cc): 4172, 5998, 4163 &amp; Cylinder: 8, 12 &amp; Block: V, W &amp; Fuel: GAS &amp; Drive: AWD | Qualifier: Except Special Purpose Vehicle, From 6/2006, To 7/2010)<br>Rod/Strut, MEYLE-ORIGINAL: True to OE.",MEYLE,,Suspension Stabilizer Bar Link,partspal,true,Title,Default Title,,,,,CNHL_1160310025,407.688822156,shopify,4,deny,manual,12.29,13.51,true,false,'04040074472705,https://cdn.shopify.com/s/files/1/0532/6667/7928/products/00000000-0000-0000-0000-000000006440_0c9688bd-7b6e-6037-9574-6e2bc7645110_0_0c968cfc-efa8-6002-99e8-aecac1d3fad7_ca260eda-6f21-43e6-add4-d6a9570b54df.jpg?v=1624492584,1,,false,,,,,,,,,,,,,,,,,lb,,,active
06-13-land-rover-range-rover-sport-steering-tie-rod-front-inner-0c9688bd7c08605195746e2bc7645110,06-13 Land Rover Range Rover Sport Steering Tie Rod  - Front Inner,"Joint<br>06-13 Land Rover Range Rover Sport Steering Tie Rod  - Front Inner<br>2006-2013 Land Rover Range Rover Sport  (Front Inner) (Body: Sport Utility &amp; Liter: 4.4, 4.2, 5.0 &amp; Engine(cc): 4394, 4196, 5000 &amp; Cylinder: 8 &amp; Block: V &amp; Fuel: GAS &amp; Drive: AWD | Qualifier: To 3/2013)<br>Joint, MEYLE-ORIGINAL: True to OE.",MEYLE,,Steering Tie Rod,partspal,true,Title,Default Title,,,,,CNHL_53160310003,4745.02978257,shopify,9,deny,manual,21.70,23.88,true,false,'04040074119112,https://cdn.shopify.com/s/files/1/0532/6667/7928/products/00000000-0000-0000-0000-000000006440_0c9688bd-7c08-6051-9574-6e2bc7645110_0_0c968cf9-b9db-6002-99e8-aecac1d3fad7.jpg?v=1624585602,1,,false,,,,,,,,,,,,,,,,,lb,,,active
91-94-audi-100-sedan-wagon-2-3-2-8-fwd-steering-tie-rod-end-front-left-0c9688bd7b88603e95746e2bc7645110,"91-94 Audi 100 (Sedan/Wagon - 2.3, 2.8 - FWD) Steering Tie Rod End  - Front Left","Joint<br>91-94 Audi 100 (Sedan/Wagon - 2.3, 2.8 - FWD) Steering Tie Rod End  - Front Left<br>1991-1994 Audi 100  (Front Left) (Engine Designation: AAH &amp; Body: Sedan, Wagon &amp; Liter: 2.3, 2.8 &amp; Engine(cc): 2309, 2771 &amp; Cylinder: 5, 6 &amp; Block: L, V &amp; Fuel: GAS &amp; Mfr Body Code: C4 &amp; Drive: FWD | Qualifier: To Chassis # 4A-P-001 983)<br>Joint, MEYLE-ORIGINAL: True to OE.",MEYLE,,Steering Tie Rod End,partspal,true,Title,Default Title,,,,,CNHL_1160208206,793.7866475,shopify,6,deny,manual,8.13,8.94,true,false,'04040074000434,https://cdn.shopify.com/s/files/1/0532/6667/7928/products/00000000-0000-0000-0000-000000006440_0c9688bd-7b88-603e-9574-6e2bc7645110_0_0c968d02-c569-6002-99e8-aecac1d3fad7.jpg?v=1624585431,1,,false,,,,,,,,,,,,,,,,,lb,,,active
04-07-bmw-x3-2-5si-suspension-ball-joint-front-0c9688bd7c06600e95746e2bc7645110,04-07 BMW X3 2.5si Suspension Ball Joint  - Front,"Joint<br>With mounting materials, to fit most models. Please check fit accuracy before installation.<br>04-07 BMW X3 2.5si Suspension Ball Joint  - Front<br>2004-2007 BMW X3 2.5si (Front) (Engine Designation: M54, N52 &amp; Body: Sport Utility &amp; Liter: 2.5, 3.0 &amp; Engine(cc): 2494, 2979, 2996 &amp; Cylinder: 6 &amp; Block: L &amp; Fuel: GAS &amp; Mfr Body Code: E83 &amp; Drive: AWD | Qualifier: From 3/2004, Must Use with Part Number(s) 31 10 3 412 137, 31 10 3 412 138, From 1/2004, To 1/2007)<br>Joint, MEYLE-ORIGINAL: True to OE.",MEYLE,,Suspension Ball Joint,partspal,true,Title,Default Title,,,,,CNHL_3160100008,578.602427172,shopify,12,deny,manual,18.40,20.24,true,false,'04040074477564,https://cdn.shopify.com/s/files/1/0532/6667/7928/products/00000000-0000-0000-0000-000000006440_0c9688bd-7c06-600e-9574-6e2bc7645110_0_0c968d05-5d78-6002-99e8-aecac1d3fad7.jpg?v=1624492388,1,,false,,,,,,,,,,,,,,,,,lb,,,active
90-97-volkswagen-passat-steering-tie-rod-assembly-front-left-0c9688bd7b89601195746e2bc7645110,90-97 Volkswagen Passat Steering Tie Rod Assembly  - Front Left,"Rod<br>90-97 Volkswagen Passat Steering Tie Rod Assembly  - Front Left<br>1990-1997 Volkswagen Passat  (Front Left) (Engine Designation: 9A, PG, AAZ, 1Z, AHU &amp; Body: Sedan, Wagon &amp; Liter: 2.0, 1.8, 1.9 &amp; Engine(cc): 1984, 1781, 1896 &amp; Cylinder: 4 &amp; Block: L &amp; Fuel: GAS, DIESEL &amp; Drive: FWD, AWD | Qualifier: From 2/1990, To Chassis # 3A-R-099 264, To 8/1996)<br>Rod, MEYLE-ORIGINAL: True to OE.",MEYLE,,Steering Tie Rod Assembly,partspal,true,Title,Default Title,,,,,CNHL_1160307158,0.0,shopify,8,deny,manual,12.56,13.81,true,false,'04040074013786,https://cdn.shopify.com/s/files/1/0532/6667/7928/products/00000000-0000-0000-0000-000000006440_0c9688bd-7b89-6011-9574-6e2bc7645110_0_0c968d02-5641-6002-99e8-aecac1d3fad7.jpg?v=1624588209,1,,false,,,,,,,,,,,,,,,,,lb,,,active
92-03-volkswagen-eurovan-vr6-suspension-stabilizer-bar-link-front-0c9688bd7b6f602f95746e2bc7645110,92-03 Volkswagen EuroVan VR6 Suspension Stabilizer Bar Link  - Front,"Rod/Strut<br>92-03 Volkswagen EuroVan VR6 Suspension Stabilizer Bar Link  - Front<br>1992-2003 Volkswagen EuroVan VR6 (Front) (Engine Designation: AAF, AAB, AES &amp; Body: Standard Cargo Van, Mini Passenger Van, Van Camper, Standard Passenger Van &amp; Liter: 2.5, 2.4, 2.8 &amp; Engine(cc): 2459, 2461, 2370, 2390, 2771 &amp; Cylinder: 5, 6 &amp; Block: L, V &amp; Fuel: GAS, DIESEL &amp; Drive: FWD | Qualifier: From 4/2000)<br>Rod/Strut, MEYLE-ORIGINAL: True to OE.",MEYLE,,Suspension Stabilizer Bar Link,partspal,true,Title,Default Title,,,,,CNHL_1160600102,0.0,shopify,13,deny,manual,11.02,12.12,true,false,'04040074102213,https://cdn.shopify.com/s/files/1/0532/6667/7928/products/00000000-0000-0000-0000-000000006440_0c9688bd-7b6f-602f-9574-6e2bc7645110_0_0c968cff-3484-6002-99e8-aecac1d3fad7.jpg?v=1624492644,1,,false,,,,,,,,,,,,,,,,,lb,,,active
00-06-bmw-x5-suspension-control-arm-and-ball-joint-assembly-0c9688bd7b7d600295746e2bc7645110,00-06 BMW X5 Suspension Control Arm and Ball Joint Assembly,"Link<br>00-06 BMW X5 Suspension Control Arm and Ball Joint Assembly<br>2000-2006 BMW X5  (Rear Right Upper Rearward) (Engine Designation: M62, M54, N62, N62B48 &amp; Body: Sport Utility &amp; Liter: 4.4, 3.0, 4.6, 4.8 &amp; Engine(cc): 4398, 2979, 4598, 4837 &amp; Cylinder: 8, 6 &amp; Block: V, L &amp; Fuel: GAS &amp; Transmission Base Gear: 5 &amp; Transmission Control Type: Automatic &amp; Mfr Body Code: E53 &amp; Drive: AWD | Qualifier: From 1/2000, From 4/2004)<br>Link, MEYLE-ORIGINAL: True to OE.",MEYLE,,Suspension Control Arm and Ball Joint Assembly,partspal,true,Title,Default Title,,,,,CNHL_3160350007,0.0,shopify,1,deny,manual,45.84,50.42,true,false,'04040074470534,https://cdn.shopify.com/s/files/1/0532/6667/7928/products/00000000-0000-0000-0000-000000006440_0c9688bd-7b7d-6002-9574-6e2bc7645110_0_0c968d05-6298-6001-99e8-aecac1d3fad7_976af680-eb3e-44d9-ba53-e2d6ce571b83.jpg?v=1624492372,1,,false,,,,,,,,,,,,,,,,,lb,,,active
90-97-volkswagen-passat-steering-tie-rod-assembly-front-left-0c9688bd7b89602e95746e2bc7645110,90-97 Volkswagen Passat Steering Tie Rod Assembly  - Front Left,"Rod<br>90-97 Volkswagen Passat Steering Tie Rod Assembly  - Front Left<br>1990-1997 Volkswagen Passat  (Front Left) (Engine Designation: PG, AAA, AAZ, 1Z, AHU &amp; Body: Wagon, Sedan &amp; Liter: 2.0, 1.8, 2.8, 1.9 &amp; Engine(cc): 1984, 1781, 2771, 1896 &amp; Cylinder: 4, 6 &amp; Block: L, V &amp; Fuel: GAS, DIESEL &amp; Drive: FWD, AWD | Qualifier: From 2/1990, From Chassis # 3A-R-099 265, From 3/1995, To 8/1996, From 3/1996, To 5/1997)<br>Rod, MEYLE-ORIGINAL: True to OE.",MEYLE,,Steering Tie Rod Assembly,partspal,true,Title,Default Title,,,,,CNHL_1160308289,0.0,shopify,10,deny,manual,16.41,18.05,true,false,'04040074084571,https://cdn.shopify.com/s/files/1/0532/6667/7928/products/00000000-0000-0000-0000-000000006440_0c9688bd-7b89-602e-9574-6e2bc7645110_0_0c968d00-03f9-6002-99e8-aecac1d3fad7.jpg?v=1624310724,1,,false,,,,,,,,,,,,,,,,,lb,,,active
92-97-volkswagen-golf-gl-steering-tie-rod-assembly-front-right-0c9688bd7b89601a95746e2bc7645110,92-97 Volkswagen Golf GL Steering Tie Rod Assembly  - Front Right,"Rod<br>92-97 Volkswagen Golf GL Steering Tie Rod Assembly  - Front Right<br>1992-1997 Volkswagen Golf GL (Front Right) (Engine Designation: AAZ, ABA, ACC, AAA, AHU &amp; Body: Hatchback &amp; Liter: 1.8, 1.9, 2.0, 2.8 &amp; Engine(cc): 1781, 1896, 1984, 1788, 2771, 1780 &amp; Cylinder: 4, 6 &amp; Block: L, V &amp; Fuel: GAS, DIESEL &amp; Drive: FWD | Qualifier: To 8/1997, From 8/1995, From 7/1995, From 4/1996)<br>Rod, MEYLE-ORIGINAL: True to OE.",MEYLE,,Steering Tie Rod Assembly,partspal,true,Title,Default Title,,,,,CNHL_1160308203,0.0,shopify,24,deny,manual,12.56,13.81,true,false,'04040074001240,https://cdn.shopify.com/s/files/1/0532/6667/7928/products/00000000-0000-0000-0000-000000006440_0c9688bd-7b89-601a-9574-6e2bc7645110_0_0c968cfb-2bb6-6002-99e8-aecac1d3fad7_a2547835-4c57-441f-83d9-5a5355ef5647.jpg?v=1624588062,1,,false,,,,,,,,,,,,,,,,,lb,,,active
98-05-volvo-c70-suspension-control-arm-and-ball-joint-assembly-0c9688bd7b81600f95746e2bc7645110,98-05 Volvo C70 Suspension Control Arm and Ball Joint Assembly,"Link<br>With mounting materials, to fit most models. Please check fit accuracy before installation.<br>98-05 Volvo C70 Suspension Control Arm and Ball Joint Assembly<br>1998-2005 Volvo C70  (Front Right Lower) (Engine Designation: B5234T3, B5244T, B5234T9 &amp; Body: Coupe, Convertible &amp; Liter: 2.3, 2.4 &amp; Engine(cc): 2319, 2435 &amp; Cylinder: 5 &amp; Block: L &amp; Fuel: GAS &amp; Drive: FWD | Qualifier: From 6/1998, From 3/1998, From 5/1999, From 3/1999)<br>Link, MEYLE-ORIGINAL: True to OE.",MEYLE,,Suspension Control Arm and Ball Joint Assembly,partspal,true,Title,Default Title,,,,,CNHL_5160500020,0.0,shopify,9,deny,manual,59.80,65.79,true,false,'04040074437971,https://cdn.shopify.com/s/files/1/0532/6667/7928/products/00000000-0000-0000-0000-000000006440_0c9688bd-7b81-600f-9574-6e2bc7645110_0_0c968d03-2c45-6002-99e8-aecac1d3fad7_d79c586d-f043-4324-b24b-66a18558f3ae.jpg?v=1624492436,1,,false,,,,,,,,,,,,,,,,,lb,,,active
10-19-jaguar-xj-suspension-control-arm-and-ball-joint-assembly-0c9688bd7b7c602795746e2bc7645110,10-19 Jaguar XJ Suspension Control Arm and Ball Joint Assembly,"Link<br>10-19 Jaguar XJ Suspension Control Arm and Ball Joint Assembly<br>2010-2019 Jaguar XJ  (Front Right Upper) (Body: Sedan &amp; Liter: 5.0, 3.0 &amp; Engine(cc): 5000, 2995 &amp; Cylinder: 8, 6 &amp; Block: V &amp; Fuel: GAS &amp; Drive: RWD | Qualifier: To Chassis # V78716, To 01/2013, From 8/2012, From 6/2013)<br>Link, MEYLE-ORIGINAL: True to OE.",MEYLE,,Suspension Control Arm and Ball Joint Assembly,partspal,true,Title,Default Title,,,,,CNHL_18160500008,0.0,shopify,9,deny,manual,107.79,118.57,true,false,'04040074162729,https://cdn.shopify.com/s/files/1/0532/6667/7928/products/00000000-0000-0000-0000-000000006440_0c9688bd-7b7c-6027-9574-6e2bc7645110_0_0c968d04-7516-6002-99e8-aecac1d3fad7_3b3c8dab-2c3e-464e-a123-c1c7a7149309.jpg?v=1624492613,1,,false,,,,,,,,,,,,,,,,,lb,,,active
05-12-land-rover-range-rover-suspension-ball-joint-front-upper-0c9688bd7c08603c95746e2bc7645110,05-12 Land Rover Range Rover Suspension Ball Joint  - Front Upper,"Joint<br>05-12 Land Rover Range Rover Suspension Ball Joint  - Front Upper<br>2005-2012 Land Rover Range Rover  (Front Upper) (Body: Sport Utility &amp; Liter: 4.4, 4.2, 5.0 &amp; Engine(cc): 4398, 4394, 4196, 5000 &amp; Cylinder: 8 &amp; Block: V &amp; Fuel: GAS &amp; Drive: AWD | Qualifier: From Chassis # 7A257018)<br>Joint, MEYLE-ORIGINAL: True to OE.",MEYLE,,Suspension Ball Joint,partspal,true,Title,Default Title,,,,,CNHL_53160100002,578.602427172,shopify,14,deny,manual,14.16,15.58,true,false,'04040074172476,https://cdn.shopify.com/s/files/1/0532/6667/7928/products/00000000-0000-0000-0000-000000006440_0c9688bd-7c08-603c-9574-6e2bc7645110_0_0c968d06-1388-6000-99e8-aecac1d3fad7_3861cf8a-c1b4-4ace-8243-77598c0d99c5.jpg?v=1624492410,1,,false,,,,,,,,,,,,,,,,,lb,,,active
07-15-mini-cooper-steering-tie-rod-assembly-front-left-0c9688bd7c07603695746e2bc7645110,07-15 Mini Cooper Steering Tie Rod Assembly  - Front Left,"Rod<br>07-15 Mini Cooper Steering Tie Rod Assembly  - Front Left<br>2007-2015 Mini Cooper  (Front Left) (Engine Designation: N12B16A, N14B16A, N18B16C, N14B16C, N16B16A, N18B16A &amp; Body: Hatchback, Convertible, Coupe &amp; Liter: 1.6 &amp; Engine(cc): 1598, 1600, 1597 &amp; Cylinder: 4 &amp; Block: L &amp; Fuel: GAS &amp; Mfr Body Code: R56, R57, R58, R59 &amp; Drive: FWD | Qualifier: To 2/2010, To 6/2010, From 1/2012)<br>Rod, MEYLE-ORIGINAL: True to OE.",MEYLE,,Steering Tie Rod Assembly,partspal,true,Title,Default Title,,,,,CNHL_3160300022,0.0,shopify,5,deny,manual,27.84,30.62,true,false,'04040074602591,https://cdn.shopify.com/s/files/1/0532/6667/7928/products/00000000-0000-0000-0000-000000006440_0c9688bd-7c07-6036-9574-6e2bc7645110_0_0c968d07-5ec9-6002-99e8-aecac1d3fad7_bc66d67c-2e1f-469b-8ec5-3166853e7dd4.jpg?v=1624585755,1,,false,,,,,,,,,,,,,,,,,lb,,,active
1998-mercedes-benz-ml430-steering-tie-rod-front-inner-0c9688bd7b89604c95746e2bc7645110,1998 Mercedes-Benz ML430 Steering Tie Rod  - Front Inner,"Joint<br>1998 Mercedes-Benz ML430 Steering Tie Rod  - Front Inner<br>1998-1998 Mercedes-Benz ML430  (Front Inner) (Body: Sport Utility &amp; Liter: 4.3 &amp; Engine(cc): 4266 &amp; Cylinder: 8 &amp; Block: V &amp; Fuel: GAS &amp; Transmission Base Gear: 5 &amp; Transmission Control Type: Automatic &amp; Drive: AWD | Qualifier: From 2/1998)<br>Joint, MEYLE-ORIGINAL: True to OE.",MEYLE,,Steering Tie Rod,partspal,true,Title,Default Title,,,,,CNHL_1160310024,4745.02978257,shopify,12,deny,manual,21.93,24.12,true,false,'04040074276143,https://cdn.shopify.com/s/files/1/0532/6667/7928/products/00000000-0000-0000-0000-000000006440_0c9688bd-7b89-604c-9574-6e2bc7645110_0_0c968d08-321b-6002-99e8-aecac1d3fad7_2db838ba-55f1-4e22-accd-5f04834d9848.jpg?v=1624585653,1,,false,,,,,,,,,,,,,,,,,lb,,,active
92-97-volkswagen-golf-gl-steering-tie-rod-assembly-front-left-0c9688bd7b89601b95746e2bc7645110,92-97 Volkswagen Golf GL Steering Tie Rod Assembly  - Front Left,"Rod<br>92-97 Volkswagen Golf GL Steering Tie Rod Assembly  - Front Left<br>1992-1997 Volkswagen Golf GL (Front Left) (Engine Designation: AAZ, ABA, ACC, AAA, AHU &amp; Body: Hatchback &amp; Liter: 1.8, 1.9, 2.0, 2.8 &amp; Engine(cc): 1781, 1896, 1984, 1788, 2771, 1780 &amp; Cylinder: 4, 6 &amp; Block: L, V &amp; Fuel: GAS, DIESEL &amp; Drive: FWD | Qualifier: To 8/1997, From 7/1995, From 8/1995, From 4/1996)<br>Rod, MEYLE-ORIGINAL: True to OE.",MEYLE,,Steering Tie Rod Assembly,partspal,true,Title,Default Title,,,,,CNHL_1160308204,0.0,shopify,10,deny,manual,14.45,15.89,true,false,'04040074041444,https://cdn.shopify.com/s/files/1/0532/6667/7928/products/00000000-0000-0000-0000-000000006440_0c9688bd-7b89-601b-9574-6e2bc7645110_0_0c968d03-ab23-6002-99e8-aecac1d3fad7_c4a71695-80ab-4b2e-b239-c88052a549db.jpg?v=1624585901,1,,false,,,,,,,,,,,,,,,,,lb,,,active
92-03-volkswagen-eurovan-vr6-suspension-control-arm-bushing-front-upper-outer-0c9688bd7b73602095746e2bc7645110,92-03 Volkswagen EuroVan VR6 Suspension Control Arm Bushing  - Front Upper Outer,"Bush<br>92-03 Volkswagen EuroVan VR6 Suspension Control Arm Bushing  - Front Upper Outer<br>1992-2003 Volkswagen EuroVan VR6 (Front Upper Outer) (Engine Designation: AAF, AAB, AES &amp; Body: Standard Cargo Van, Standard Passenger Van, Van Camper, Mini Passenger Van &amp; Liter: 2.5, 2.4, 2.8 &amp; Engine(cc): 2459, 2461, 2390, 2370, 2771 &amp; Cylinder: 5, 6 &amp; Block: L, V &amp; Fuel: GAS, DIESEL &amp; Drive: FWD | Qualifier: From 4/2000)<br>Bush, MEYLE-ORIGINAL: True to OE.",MEYLE,,Suspension Control Arm Bushing,partspal,true,Title,Default Title,,,,,CNHL_1004070083,0.0,shopify,10,deny,manual,2.94,3.23,true,false,'04040074157404,https://cdn.shopify.com/s/files/1/0532/6667/7928/products/00000000-0000-0000-0000-000000006440_0c9688bd-7b73-6020-9574-6e2bc7645110_0_0c968d03-39d0-6002-99e8-aecac1d3fad7_39e9d2c5-cb8c-4dee-a289-b90f5eb2c879.jpg?v=1624492258,1,,false,,,,,,,,,,,,,,,,,lb,,,active
90-97-volkswagen-passat-steering-tie-rod-assembly-front-right-0c9688bd7b89601395746e2bc7645110,90-97 Volkswagen Passat Steering Tie Rod Assembly  - Front Right,"Rod<br>90-97 Volkswagen Passat Steering Tie Rod Assembly  - Front Right<br>1990-1997 Volkswagen Passat  (Front Right) (Engine Designation: 9A, PG, AAZ, 1Z, AHU &amp; Body: Sedan, Wagon &amp; Liter: 2.0, 1.8, 1.9 &amp; Engine(cc): 1984, 1781, 1896 &amp; Cylinder: 4 &amp; Block: L &amp; Fuel: GAS, DIESEL &amp; Drive: FWD, AWD | Qualifier: From 2/1990, To Chassis # 3A-R-099 264, To 8/1996)<br>Rod, MEYLE-ORIGINAL: True to OE.",MEYLE,,Steering Tie Rod Assembly,partspal,true,Title,Default Title,,,,,CNHL_1160307160,0.0,shopify,3,deny,manual,12.56,13.81,true,false,'04040074022740,https://cdn.shopify.com/s/files/1/0532/6667/7928/products/00000000-0000-0000-0000-000000006440_0c9688bd-7b89-6013-9574-6e2bc7645110_0_0c968d06-984e-6002-99e8-aecac1d3fad7_e0da8f29-4792-4da6-9c30-8688ec6f0414.jpg?v=1624585989,1,,false,,,,,,,,,,,,,,,,,lb,,,active
04-10-bmw-x3-2-5si-steering-tie-rod-assembly-front-0c9688bd7c07602995746e2bc7645110,04-10 BMW X3 2.5si Steering Tie Rod Assembly  - Front,"Rod<br>04-10 BMW X3 2.5si Steering Tie Rod Assembly  - Front<br>2004-2010 BMW X3 2.5si (Front) (Engine Designation: M54, N52, N52B30A &amp; Body: Sport Utility &amp; Liter: 2.5, 3.0 &amp; Engine(cc): 2494, 2979, 2996 &amp; Cylinder: 6 &amp; Block: L &amp; Fuel: GAS &amp; Mfr Body Code: E83 &amp; Drive: AWD | Qualifier: From 1/2004, From 3/2004, To 8/2008)<br>Rod, MEYLE-ORIGINAL: True to OE.",MEYLE,,Steering Tie Rod Assembly,partspal,true,Title,Default Title,,,,,CNHL_3160300009,0.0,shopify,11,deny,manual,39.72,43.69,true,false,'04040074359655,https://cdn.shopify.com/s/files/1/0532/6667/7928/products/00000000-0000-0000-0000-000000006440_0c9688bd-7c07-6029-9574-6e2bc7645110_0_0c968d01-faab-6002-99e8-aecac1d3fad7_19e53658-bf7f-4336-b93d-f669b98be1c8.jpg?v=1624585929,1,,false,,,,,,,,,,,,,,,,,lb,,,active
01-08-jaguar-x-type-sedan-wagon-2-5-3-0-awd-steering-tie-rod-end-front-0c9688bd7c08605b95746e2bc7645110,"01-08 Jaguar X-Type (Sedan/Wagon - 2.5, 3.0 - AWD) Steering Tie Rod End  - Front","Joint<br>01-08 Jaguar X-Type (Sedan/Wagon - 2.5, 3.0 - AWD) Steering Tie Rod End  - Front<br>2001-2008 Jaguar X-Type  (Front) (Body: Sedan, Wagon &amp; Liter: 3.0, 2.5 &amp; Engine(cc): 2968 &amp; Cylinder: 6 &amp; Block: V &amp; Fuel: GAS &amp; Drive: AWD | Qualifier: From 6/2001, To 01/2003)<br>Joint, MEYLE-ORIGINAL: True to OE.",MEYLE,,Steering Tie Rod End,partspal,true,Title,Default Title,,,,,CNHL_7160200014,793.7866475,shopify,24,deny,manual,9.54,10.50,true,false,'04040074345016,https://cdn.shopify.com/s/files/1/0532/6667/7928/products/00000000-0000-0000-0000-000000006440_0c9688bd-7c08-605b-9574-6e2bc7645110_0_0c968d09-7019-6004-99e8-aecac1d3fad7_6d5f516e-29e3-480d-bb1e-892239d9369b.jpg?v=1624586621,1,,false,,,,,,,,,,,,,,,,,lb,,,active
99-08-jaguar-s-type-suspension-control-arm-and-ball-joint-assembly-0c9688bd7b7c602495746e2bc7645110,99-08 Jaguar S-Type Suspension Control Arm and Ball Joint Assembly,"Link<br>99-08 Jaguar S-Type Suspension Control Arm and Ball Joint Assembly<br>1999-2008 Jaguar S-Type  (Front Left Upper) (Body: Sedan &amp; Liter: 4.0, 3.0, 4.2 &amp; Engine(cc): 3996, 2968, 4196 &amp; Cylinder: 8, 6 &amp; Block: V &amp; Fuel: GAS &amp; Transmission Base Gear: 5 &amp; Transmission Control Type: Automatic &amp; Drive: RWD | Qualifier: To Chassis # M45254, From 1/1999, To 01/2008)<br>Link, MEYLE-ORIGINAL: True to OE.",MEYLE,,Suspension Control Arm and Ball Joint Assembly,partspal,true,Title,Default Title,,,,,CNHL_18160500005,0.0,shopify,1,deny,manual,114.88,126.36,true,false,'04040074130612,https://cdn.shopify.com/s/files/1/0532/6667/7928/products/00000000-0000-0000-0000-000000006440_0c9688bd-7b7c-6024-9574-6e2bc7645110_0_0c968d06-ec4c-6002-99e8-aecac1d3fad7_21a8850d-1a6f-43d9-bbaf-b001d34e0b77.jpg?v=1624492338,1,,false,,,,,,,,,,,,,,,,,lb,,,active
91-94-audi-100-steering-tie-rod-end-front-right-0c9688bd7b88603f95746e2bc7645110,91-94 Audi 100 Steering Tie Rod End  - Front Right,"Joint<br>91-94 Audi 100 Steering Tie Rod End  - Front Right<br>1991-1994 Audi 100  (Front Right) (Engine Designation: AAH &amp; Body: Sedan, Wagon &amp; Liter: 2.3, 2.8 &amp; Engine(cc): 2309, 2771 &amp; Cylinder: 5, 6 &amp; Block: L, V &amp; Fuel: GAS &amp; Mfr Body Code: C4 &amp; Drive: FWD | Qualifier: To Chassis # 4A-P-001 983)<br>Joint, MEYLE-ORIGINAL: True to OE.",MEYLE,,Steering Tie Rod End,partspal,true,Title,Default Title,,,,,CNHL_1160208207,793.7866475,shopify,5,deny,manual,8.13,8.94,true,false,'04040074006283,https://cdn.shopify.com/s/files/1/0532/6667/7928/products/00000000-0000-0000-0000-000000006440_0c9688bd-7b88-603f-9574-6e2bc7645110_0_0c968d08-1dc8-6002-99e8-aecac1d3fad7_cf019cb3-db8d-4bde-b2aa-218fdc76aeb5.jpg?v=1624585843,1,,false,,,,,,,,,,,,,,,,,lb,,,active
92-03-volkswagen-eurovan-suspension-control-arm-bushing-front-lower-forward-0c9688bd7b73601795746e2bc7645110,92-03 Volkswagen EuroVan Suspension Control Arm Bushing  - Front Lower Forward,"Bush<br>92-03 Volkswagen EuroVan Suspension Control Arm Bushing  - Front Lower Forward<br>1992-2003 Volkswagen EuroVan  (Front Lower Forward) (Engine Designation: AAF, AAB, AES &amp; Body: Standard Cargo Van, Standard Passenger Van, Mini Passenger Van, Van Camper &amp; Liter: 2.5, 2.4, 2.8 &amp; Engine(cc): 2459, 2461, 2370, 2390, 2771 &amp; Cylinder: 5, 6 &amp; Block: L, V &amp; Fuel: GAS, DIESEL &amp; Drive: FWD | Qualifier: To Chassis # 70-T-199 000)<br>Bush, MEYLE-ORIGINAL: True to OE.",MEYLE,,Suspension Control Arm Bushing,partspal,true,Title,Default Title,,,,,CNHL_1004070051,0.0,shopify,7,deny,manual,2.94,3.23,true,false,'04040074126615,https://cdn.shopify.com/s/files/1/0532/6667/7928/products/00000000-0000-0000-0000-000000006440_0c9688bd-7b73-6017-9574-6e2bc7645110_0_0c968d03-2b65-6002-99e8-aecac1d3fad7_7e313dff-4dfb-4912-b123-c1aedd5e4960.jpg?v=1624492542,1,,false,,,,,,,,,,,,,,,,,lb,,,active
92-03-volkswagen-eurovan-vr6-suspension-control-arm-bushing-0c9688bd7b73601995746e2bc7645110,92-03 Volkswagen EuroVan VR6 Suspension Control Arm Bushing,"Bush<br>92-03 Volkswagen EuroVan VR6 Suspension Control Arm Bushing<br>1992-2003 Volkswagen EuroVan VR6 (Front Lower Forward) (Engine Designation: AAF, AAB, AES &amp; Body: Standard Cargo Van, Mini Passenger Van, Standard Passenger Van, Van Camper &amp; Liter: 2.5, 2.4, 2.8 &amp; Engine(cc): 2459, 2461, 2370, 2390, 2771 &amp; Cylinder: 5, 6 &amp; Block: L, V &amp; Fuel: GAS, DIESEL &amp; Drive: FWD | Qualifier: From Chassis # 70-T-200 001, From 4/2000)<br>Bush, MEYLE-ORIGINAL: True to OE.",MEYLE,,Suspension Control Arm Bushing,partspal,true,Title,Default Title,,,,,CNHL_1004070053,0.0,shopify,19,deny,manual,6.56,7.22,true,false,'04040074126912,https://cdn.shopify.com/s/files/1/0532/6667/7928/products/00000000-0000-0000-0000-000000006440_0c9688bd-7b73-6019-9574-6e2bc7645110_0_0c968cfe-c65c-6002-99e8-aecac1d3fad7_214844b1-ecb8-439e-a7d3-ed0003f09b8c.jpg?v=1624492268,1,,false,,,,,,,,,,,,,,,,,lb,,,active
79-91-volkswagen-transporter-suspension-control-arm-bushing-front-lower-0c9688bd7b73600f95746e2bc7645110,79-91 Volkswagen Transporter Suspension Control Arm Bushing  - Front Lower,"Bush<br>79-91 Volkswagen Transporter Suspension Control Arm Bushing  - Front Lower<br>1979-1991 Volkswagen Transporter  (Front Lower) (Body: Standard Passenger Van &amp; Liter: 2.0, 1.9, 2.1 &amp; Engine(cc): 1970, 1915, 2109 &amp; Cylinder: 4 &amp; Block: H &amp; Fuel: GAS &amp; Drive: RWD | Qualifier: From 5/1979, To 7/1985)<br>Bush, MEYLE-ORIGINAL: True to OE.",MEYLE,,Suspension Control Arm Bushing,partspal,true,Title,Default Title,,,,,CNHL_1004070039,0.0,shopify,44,deny,manual,5.17,5.69,true,false,'04040074024393,https://cdn.shopify.com/s/files/1/0532/6667/7928/products/00000000-0000-0000-0000-000000006440_0c9688bd-7b73-600f-9574-6e2bc7645110_0_0c968d06-2ee1-6002-99e8-aecac1d3fad7_270fd3d2-0545-4839-bf42-9a7bbdabf15c.jpg?v=1624492290,1,,false,,,,,,,,,,,,,,,,,lb,,,active
02-07-mini-cooper-suspension-control-arm-and-ball-joint-assembly-0c9688bd7b7d600895746e2bc7645110,02-07 Mini Cooper Suspension Control Arm and Ball Joint Assembly,"Link<br>02-07 Mini Cooper Suspension Control Arm and Ball Joint Assembly<br>2002-2007 Mini Cooper  (Front Left Lower) (Engine Designation: W10B16A, W11B16A &amp; Body: Hatchback, Convertible &amp; Liter: 1.6 &amp; Engine(cc): 1600 &amp; Cylinder: 4 &amp; Block: L &amp; Fuel: GAS &amp; Transmission Base Gear: 6 &amp; Transmission Control Type: Manual &amp; Mfr Body Code: R50, R53, R52 &amp; Drive: FWD | Qualifier: From 3/2002, From 7/2004, From 3/2006)<br>Link, MEYLE-ORIGINAL: True to OE.",MEYLE,,Suspension Control Arm,partspal,true,Title,Default Title,,,,,CNHL_3160500005,6648.983755645,shopify,3,deny,manual,60.19,66.21,true,false,'04040074329818,https://cdn.shopify.com/s/files/1/0532/6667/7928/products/00000000-0000-0000-0000-000000006440_0c9688bd-7b7d-6008-9574-6e2bc7645110_0_0c968d02-0091-6002-99e8-aecac1d3fad7_78e2896c-239b-4a1c-b152-4bffc32143aa.jpg?v=1624492348,1,,false,,,,,,,,,,,,,,,,,lb,,,active
04-10-bmw-x3-2-5si-suspension-ball-joint-front-0c9688bd7c06601195746e2bc7645110,04-10 BMW X3 2.5si Suspension Ball Joint  - Front,"Joint<br>With mounting materials, to fit most models. Please check fit accuracy before installation.<br>04-10 BMW X3 2.5si Suspension Ball Joint  - Front<br>2004-2010 BMW X3 2.5si (Front) (Engine Designation: M54, N52, N52B30A &amp; Body: Sport Utility &amp; Liter: 3.0, 2.5 &amp; Engine(cc): 2979, 2494, 2996 &amp; Cylinder: 6 &amp; Block: L &amp; Fuel: GAS &amp; Mfr Body Code: E83 &amp; Drive: AWD | Qualifier: Must Use with Part Number(s) 31103443127, 31103443128, From 3/2004, From 1/2007, To 8/2008)<br>Joint, MEYLE-ORIGINAL: True to OE.",MEYLE,,Suspension Ball Joint,partspal,true,Title,Default Title,,,,,CNHL_3160100011,578.602427172,shopify,5,deny,manual,14.76,16.23,true,false,'04040074605196,https://cdn.shopify.com/s/files/1/0532/6667/7928/products/00000000-0000-0000-0000-000000006440_0c9688bd-7c06-6011-9574-6e2bc7645110_0_0c968d04-e5ee-6001-99e8-aecac1d3fad7.jpg?v=1624311778,1,,false,,,,,,,,,,,,,,,,,lb,,,active
03-12-land-rover-range-rover-suspension-control-arm-bushing-front-0c9688bd7b74604195746e2bc7645110,03-12 Land Rover Range Rover Suspension Control Arm Bushing  - Front,"Bush<br>03-12 Land Rover Range Rover Suspension Control Arm Bushing  - Front<br>2003-2012 Land Rover Range Rover  (Front) (Body: Sport Utility &amp; Liter: 4.4, 5.0 &amp; Engine(cc): 4394, 5000 &amp; Cylinder: 8 &amp; Block: V &amp; Fuel: GAS &amp; Drive: AWD | Qualifier: Must Use with Part Number(s) RBJ000130, RBJ000120)<br>Bush, MEYLE-ORIGINAL: True to OE.",MEYLE,,Suspension Control Arm Bushing,partspal,true,Title,Default Title,,,,,CNHL_53146100007,0.0,shopify,23,deny,manual,16.73,18.40,true,false,'04040074161500,https://cdn.shopify.com/s/files/1/0532/6667/7928/products/00000000-0000-0000-0000-000000006440_0c9688bd-7b74-6041-9574-6e2bc7645110_0_0c968cfc-f973-6002-99e8-aecac1d3fad7_011dd5bc-0573-4443-a26e-dc6f777ad6dd.jpg?v=1624492581,1,,false,,,,,,,,,,,,,,,,,lb,,,active
01-07-jaguar-x-type-suspension-ball-joint-front-0c9688bd7c08605895746e2bc7645110,01-07 Jaguar X-Type Suspension Ball Joint  - Front,"Joint<br>With mounting materials, to fit most models. Please check fit accuracy before installation.<br>01-07 Jaguar X-Type Suspension Ball Joint  - Front<br>2001-2007 Jaguar X-Type  (Front) (Body: Sedan, Wagon &amp; Liter: 3.0, 2.5 &amp; Engine(cc): 2968 &amp; Cylinder: 6 &amp; Block: V &amp; Fuel: GAS &amp; Drive: AWD | Qualifier: From 6/2001, To 01/2003)<br>Joint, MEYLE-ORIGINAL: True to OE.",MEYLE,,Suspension Ball Joint,partspal,true,Title,Default Title,,,,,CNHL_7160100016,0.0,shopify,9,deny,manual,14.30,15.73,true,false,'04040074471999,https://cdn.shopify.com/s/files/1/0532/6667/7928/products/00000000-0000-0000-0000-000000006440_0c9688bd-7c08-6058-9574-6e2bc7645110_0_0c968d09-ae90-6002-99e8-aecac1d3fad7_95403bf6-f19f-42a9-a200-4252b6dbe6d0.jpg?v=1624492588,1,,false,,,,,,,,,,,,,,,,,lb,,,active
92-03-volkswagen-eurovan-steering-tie-rod-end-front-right-0c9688bd7b88604395746e2bc7645110,92-03 Volkswagen EuroVan Steering Tie Rod End  - Front Right,"Joint<br>92-03 Volkswagen EuroVan Steering Tie Rod End  - Front Right<br>1992-2003 Volkswagen EuroVan  (Front Right) (Engine Designation: ACU, AAF, AAB &amp; Body: Standard Passenger Van, Van Camper, Standard Cargo Van, Mini Passenger Van &amp; Liter: 2.5, 2.4 &amp; Engine(cc): 2459, 2370, 2390, 2461 &amp; Cylinder: 5 &amp; Block: L &amp; Fuel: GAS, DIESEL &amp; Drive: FWD | Qualifier: From Chassis # 70-M-096 449, To Chassis # 70-S-002 791, with Normal Power Steering, without Power Steering)<br>Joint, MEYLE-ORIGINAL: True to OE.",MEYLE,,Steering Tie Rod End,partspal,true,Title,Default Title,,,,,CNHL_1160208218,793.7866475,shopify,13,deny,manual,8.54,9.39,true,false,'04040074050064,https://cdn.shopify.com/s/files/1/0532/6667/7928/products/00000000-0000-0000-0000-000000006440_0c9688bd-7b88-6043-9574-6e2bc7645110_0_0c968d03-7501-6002-99e8-aecac1d3fad7_b55f805d-e14a-42c8-9c29-f596bb6bbb3d.jpg?v=1624585432,1,,false,,,,,,,,,,,,,,,,,lb,,,active
99-06-land-rover-freelander-steering-tie-rod-end-front-right-0c9688bd7c08604395746e2bc7645110,99-06 Land Rover Freelander Steering Tie Rod End  - Front Right,"Joint<br>99-06 Land Rover Freelander Steering Tie Rod End  - Front Right<br>1999-2006 Land Rover Freelander  (Front Right) (Body: Sport Utility &amp; Liter: 1.8, 2.5 &amp; Engine(cc): 1796, 2500 &amp; Cylinder: 4, 6 &amp; Block: L, V &amp; Fuel: GAS &amp; Transmission Base Gear: 5 &amp; Transmission Control Type: Manual &amp; Drive: AWD)<br>Joint, MEYLE-ORIGINAL: True to OE.",MEYLE,,Steering Tie Rod End,partspal,true,Title,Default Title,,,,,CNHL_53160200001,793.7866475,shopify,6,deny,manual,9.07,9.98,true,false,'04040074081167,https://cdn.shopify.com/s/files/1/0532/6667/7928/products/00000000-0000-0000-0000-000000006440_0c9688bd-7c08-6043-9574-6e2bc7645110_0_0c968cfe-f9f2-6002-99e8-aecac1d3fad7.jpg?v=1624310856,1,,false,,,,,,,,,,,,,,,,,lb,,,active
07-15-mini-cooper-suspension-ball-joint-front-left-0c9688bd7c06601095746e2bc7645110,07-15 Mini Cooper Suspension Ball Joint  - Front Left,"Joint<br>With mounting materials, to fit most models. Please check fit accuracy before installation.<br>07-15 Mini Cooper Suspension Ball Joint  - Front Left<br>2007-2015 Mini Cooper  (Front Left) (Engine Designation: N12B16A, N14B16A, N14B16C, N18B16C, N18B16A, N16B16A &amp; Body: Hatchback, Convertible, Coupe &amp; Liter: 1.6 &amp; Engine(cc): 1598, 1600, 1597 &amp; Cylinder: 4 &amp; Block: L &amp; Fuel: GAS &amp; Mfr Body Code: R56, R57, R58, R59 &amp; Drive: FWD | Qualifier: To 2/2010, To 6/2010, From 1/2012)<br>Joint, MEYLE-ORIGINAL: True to OE.",MEYLE,,Suspension Ball Joint,partspal,true,Title,Default Title,,,,,CNHL_3160100010,579.010660305,shopify,16,deny,manual,24.60,27.06,true,false,'04040074602171,https://cdn.shopify.com/s/files/1/0532/6667/7928/products/00000000-0000-0000-0000-000000006440_0c9688bd-7c06-6010-9574-6e2bc7645110_0_0c968cfc-4306-6002-99e8-aecac1d3fad7_7dc756a5-bafc-4d33-84ce-c18140c7ae91.jpg?v=1624492384,1,,false,,,,,,,,,,,,,,,,,lb,,,active
00-06-bmw-x5-suspension-control-arm-and-ball-joint-assembly-0c9688bd7b7d600395746e2bc7645110,00-06 BMW X5 Suspension Control Arm and Ball Joint Assembly,"Link<br>00-06 BMW X5 Suspension Control Arm and Ball Joint Assembly<br>2000-2006 BMW X5  (Rear Left Upper Rearward) (Engine Designation: M62, M54, N62, N62B48 &amp; Body: Sport Utility &amp; Liter: 4.4, 3.0, 4.6, 4.8 &amp; Engine(cc): 4398, 2979, 4598, 4837 &amp; Cylinder: 8, 6 &amp; Block: V, L &amp; Fuel: GAS &amp; Transmission Base Gear: 5 &amp; Transmission Control Type: Automatic &amp; Mfr Body Code: E53 &amp; Drive: AWD | Qualifier: From 1/2000, From 4/2004)<br>Link, MEYLE-ORIGINAL: True to OE.",MEYLE,,Suspension Control Arm and Ball Joint Assembly,partspal,true,Title,Default Title,,,,,CNHL_3160350008,0.0,shopify,1,deny,manual,45.84,50.42,true,false,'04040074470558,https://cdn.shopify.com/s/files/1/0532/6667/7928/products/00000000-0000-0000-0000-000000006440_0c9688bd-7b7d-6003-9574-6e2bc7645110_0_0c968d01-6061-6002-99e8-aecac1d3fad7_de35f824-07f4-4e96-9381-30625d95e055.jpg?v=1624492382,1,,false,,,,,,,,,,,,,,,,,lb,,,active
03-12-land-rover-range-rover-steering-tie-rod-end-front-0c9688bd7c08604895746e2bc7645110,03-12 Land Rover Range Rover Steering Tie Rod End  - Front,"Joint<br>03-12 Land Rover Range Rover Steering Tie Rod End  - Front<br>2003-2012 Land Rover Range Rover  (Front) (Body: Sport Utility &amp; Liter: 4.4, 4.2, 5.0 &amp; Engine(cc): 4394, 4398, 4196, 5000 &amp; Cylinder: 8 &amp; Block: V &amp; Fuel: GAS &amp; Drive: AWD)<br>Joint, MEYLE-ORIGINAL: True to OE.",MEYLE,,Steering Tie Rod End,partspal,true,Title,Default Title,,,,,CNHL_53160200009,793.7866475,shopify,11,deny,manual,17.10,18.81,true,false,'04040074119907,https://cdn.shopify.com/s/files/1/0532/6667/7928/products/00000000-0000-0000-0000-000000006440_0c9688bd-7c08-6048-9574-6e2bc7645110_0_0c968cfc-fa97-6002-99e8-aecac1d3fad7_eb7c51d6-1f4a-4f7e-a3f5-b41831739229.jpg?v=1624587062,1,,false,,,,,,,,,,,,,,,,,lb,,,active
91-94-audi-100-steering-tie-rod-assembly-front-left-0c9688bd7b89602295746e2bc7645110,91-94 Audi 100 Steering Tie Rod Assembly  - Front Left,"Rod<br>91-94 Audi 100 Steering Tie Rod Assembly  - Front Left<br>1991-1994 Audi 100  (Front Left) (Engine Designation: AAH &amp; Body: Sedan, Wagon &amp; Liter: 2.3, 2.8 &amp; Engine(cc): 2309, 2771 &amp; Cylinder: 5, 6 &amp; Block: L, V &amp; Fuel: GAS &amp; Mfr Body Code: C4 &amp; Drive: FWD | Qualifier: To Chassis # 4A-P-001 983)<br>Rod, MEYLE-ORIGINAL: True to OE.",MEYLE,,Steering Tie Rod Assembly,partspal,true,Title,Default Title,,,,,CNHL_1160308233,0.0,shopify,2,deny,manual,33.52,36.86,true,false,'04040074033982,https://cdn.shopify.com/s/files/1/0532/6667/7928/products/00000000-0000-0000-0000-000000006440_0c9688bd-7b89-6022-9574-6e2bc7645110_0_0c968d06-ad6e-6002-99e8-aecac1d3fad7_392d2446-d348-4846-94d1-39ded3ef8574.jpg?v=1624585680,1,,false,,,,,,,,,,,,,,,,,lb,,,active
02-07-mini-cooper-suspension-control-arm-and-ball-joint-assembly-0c9688bd7b7d600995746e2bc7645110,02-07 Mini Cooper Suspension Control Arm and Ball Joint Assembly,"Link<br>02-07 Mini Cooper Suspension Control Arm and Ball Joint Assembly<br>2002-2007 Mini Cooper  (Front Right Lower) (Engine Designation: W10B16A, W11B16A &amp; Body: Hatchback, Convertible &amp; Liter: 1.6 &amp; Engine(cc): 1600 &amp; Cylinder: 4 &amp; Block: L &amp; Fuel: GAS &amp; Transmission Base Gear: 6 &amp; Transmission Control Type: Manual &amp; Mfr Body Code: R50, R53, R52 &amp; Drive: FWD | Qualifier: From 3/2002, From 7/2004, From 3/2006)<br>Link, MEYLE-ORIGINAL: True to OE.",MEYLE,,Suspension Control Arm,partspal,true,Title,Default Title,,,,,CNHL_3160500006,6648.847677934,shopify,5,deny,manual,60.19,66.21,true,false,'04040074329832,https://cdn.shopify.com/s/files/1/0532/6667/7928/products/00000000-0000-0000-0000-000000006440_0c9688bd-7b7d-6009-9574-6e2bc7645110_0_0c968d05-6357-6002-99e8-aecac1d3fad7_b6fc2993-e263-44a6-87ca-0ab3307ceaae.jpg?v=1624492496,1,,false,,,,,,,,,,,,,,,,,lb,,,active
